roll,name,class,marks,age,cgpa,gender
1,anil,TE,57.45,22,7.425,M
2,amit,TE,60.45,21,7.725,M
3,aniket,BE,77.56,19,9.436,F
4,ajinkya,TE,70.34,20,8.714,M
5,asha,TE,63.96,20,8.076,F
6,ayesha,BE,50.23,20,6.702999999999999,M
7,amar,BE,66.02000000000001,19,8.282000000000002,F
8,amita,BE,69.01,23,8.581000000000001,M
9,amol,TE,57.43,20,7.423,M
10,anmol,BE,79.34,21,9.614,M
